#,标准号,标准中文名称,发布日期,实施日期
1,GB 47501-2026,旋转电机 安全技术规范,2026/4/30,2026/11/1
2,GB 4793.2-2008,测量、控制和实验室用电气设备的安全要求 第2部分：电工测量和试验用手持和手操电流传感器的特殊要求,2008/8/30,2009/9/1
3,GB/T 10068-2020,轴中心高为56mm及以上电机的机械振动 振动的测量、评定及限值,2020/3/31,2020/10/1
4,GB/T 10069.1-2006,旋转电机噪声测定方法及限值 第1部分：旋转电机噪声测定方法,2006/4/30,2006/12/1
5,GB/T 10069.3-2024,旋转电机噪声测定方法及限值 第3部分：噪声限值,2024/8/23,2025/3/1
6,GB/T 1029-2021,三相同步电机试验方法,2021/5/21,2021/12/1
7,GB/T 1032-2023,三相异步电动机试验方法,2023/9/7,2024/4/1
8,GB/T 10401-2023,永磁式直流力矩电动机通用技术规范,2023/9/7,2024/4/1
9,GB/T 10403-2007,多极和双通道感应移相器通用技术条件,2007/12/3,2008/5/20
10,GB/T 10404-2017,多极和双通道旋转变压器通用技术条件,2017/11/1,2018/5/1
11,GB/T 10405-2009,控制电机型号命名方法,2009/9/30,2010/2/1
12,GB/T 10761-2005,热带微电机基本技术要求,2005/8/26,2006/4/1
13,GB/T 10886-2019,三螺杆泵,2019/10/18,2020/5/1
14,GB/T 11281-2009,微电机用齿轮减速器通用技术条件,2009/9/30,2010/2/1
15,GB/T 11349.1-2018,机械振动与冲击 机械导纳的试验确定 第1部分：基本术语与定义、传感器特性,2018/5/14,2018/12/1
16,GB/T 12350-2022,小功率电动机的安全要求,2022/4/15,2022/11/1
17,GB/T 12351-2008,热带型旋转电机环境技术要求,2008/6/13,2009/3/1
18,GB/T 12665-2017,电机在一般环境条件下使用的湿热试验要求,2017/11/1,2018/5/1
19,GB/T 12973-2013,换向器与集电环尺寸,2013/12/17,2014/5/10
20,GB/T 12974.1-2023,交流电梯电动机通用技术条件 第1部分：三相异步电动机,2023/9/7,2024/4/1
21,GB/T 12974.2-2023,交流电梯电动机通用技术条件 第2部分：永磁同步电动机,2023/9/7,2024/4/1
22,GB/T 13002-2022,旋转电机 热保护,2022/7/11,2023/2/1
23,GB/T 13006-2013,离心泵、混流泵和轴流泵 汽蚀余量,2013/12/17,2014/10/1
24,GB/T 13007-2011,离心泵 效率,2011/12/30,2012/10/1
25,GB/T 13008-2010,混流泵、轴流泵 技术条件,2010/9/26,2011/2/1
26,GB/T 1311-2024,直流电机试验方法,2024/8/23,2025/3/1
27,GB/T 13138-2020,自整角机通用技术条件,2020/12/14,2021/7/1
28,GB/T 13139-2008,磁滞同步电动机通用技术条件,2008/6/13,2009/3/1
29,GB/T 13364-2008,往复泵机械振动测试方法,2008/7/1,2009/2/1
30,GB/T 13501-2008,封闭式制冷压缩机用电动机绝缘相容性试验方法,2008/7/16,2009/4/1
31,GB/T 13501-2026,封闭式制冷压缩机用电动机绝缘相容性试验方法,2026/7/2,2027/2/1
32,GB/T 13537-2024,电子类家用电器用电动机通用技术规范,2024/8/23,2025/3/1
33,GB/T 13606-2007,土工试验仪器 岩土工程仪器 振弦式传感器通用技术条件,2007/6/11,2007/9/1
34,GB/T 13633-2015,永磁式直流测速发电机通用技术条件,2015/5/15,2015/12/1
35,GB/T 13823.12-1995,振动与冲击传感器的校准方法 安装在钢块上的无阻尼加速度计共振频率测试,1995/4/2,1996/2/1
36,GB/T 13823.14-1995,振动与冲击传感器的校准方法 离心机法一次校准,1995/4/2,1996/2/1
37,GB/T 13823.15-1995,振动与冲击传感器的校准方法 瞬变温度灵敏度测试法,1995/7/12,1996/5/1
38,GB/T 13823.16-1995,振动与冲击传感器的校准方法 温度响应比较测试法,1995/7/12,1996/5/1
39,GB/T 13823.17-1996,振动与冲击传感器的校准方法 声灵敏度测试,1996/4/10,1996/10/1
40,GB/T 13823.20-2008,振动与冲击传感器校准方法 加速度计谐振测试 通用方法,2008/9/27,2009/5/1
41,GB/T 13823.5-1992,振动与冲击传感器的校准方法 安装力矩灵敏度测试,1992/11/5,1993/10/1
42,GB/T 13823.6-1992,振动与冲击传感器的校准方法 基座应变灵敏度测试,1992/11/5,1993/10/1
43,GB/T 13823.9-1994,振动与冲击传感器的校准方法 横向冲击灵敏度测试,1994/10/17,1995/10/1
44,GB/T 13866-1992,振动与冲击测量 描述惯性式传感器特性的规定,1992/11/14,1993/10/1
45,GB/T 13929-2024,水环真空泵和水环压缩机 试验方法,2024/4/25,2024/8/1
46,GB/T 13957-2022,大型三相异步电动机基本系列技术条件,2022/12/30,2023/7/1
47,GB/T 13958-2022,小功率永磁同步电动机试验方法,2022/12/30,2023/7/1
48,GB/T 14048.15-2006,低压开关设备和控制设备 第5-6部分：控制电路电器和开关元件-接近传感器和开关放大器的DC接口（NAMUR）,2006/11/9,2007/4/1
49,GB/T 14479-1993,传感器图用图形符号,1993/6/27,1994/2/1
50,GB/T 14481-2008,单相同步电机试验方法,2008/7/16,2009/4/1
51,GB/T 14711-2025,中小型旋转电机通用安全要求,2025/5/30,2025/12/1
52,GB/T 15478-2015,压力传感器性能试验方法,2015/12/10,2016/7/1
53,GB/T 15548-2023,往复式内燃机驱动的三相同步发电机通用技术条件,2023/11/27,2024/6/1
54,GB/T 15768-1995,电容式湿敏元件与湿度传感器总规范,1995/12/8,1996/8/1
55,GB/T 15969.9-2021,可编程序控制器 第9部分：用于小型传感器和执行器的单点数字通信接口（SDCI）,2021/8/20,2022/3/1
56,GB/T 16439-2024,交流伺服系统通用技术规范,2024/8/23,2025/3/1
57,GB/T 16697-2017,单传感器应用电视摄像机通用技术要求及测量方法,2017/11/1,2018/5/1
58,GB/T 16857.8-2022,产品几何技术规范（GPS） 坐标测量系统（CMS）的验收检测和复检检测 第8部分：使用光学距离传感器的坐标测量机,2022/12/30,2023/4/1
59,GB/T 16907-2014,离心泵技术条件（Ⅰ类）,2014/5/6,2014/12/1
60,GB/T 16961-2009,电子调速微型异步电动机通用技术条件,2009/9/30,2010/2/1
61,GB/T 17948.1-2018,旋转电机 绝缘结构功能性评定 散绕绕组试验规程 热评定和分级,2018/7/13,2019/2/1
62,GB/T 17948.2-2006,旋转电机绝缘结构功能性评定 散绕绕组试验规程 变更和绝缘组分替代的分级,2006/2/15,2006/6/1
63,GB/T 17948.3-2017,旋转电机 绝缘结构功能性评定 成型绕组试验规程 旋转电机绝缘结构热评定和分级,2017/11/1,2018/5/1
64,GB/T 17948.4-2024,旋转电机 绝缘结构功能性评定（Ⅱ型） 成型绕组试验规程 电气耐久性评定,2024/8/23,2025/3/1
65,GB/T 17948.5-2016,旋转电机 绝缘结构功能性评定 成型绕组试验规程 热、电综合应力耐久性多因子评定,2016/2/24,2016/9/1
66,GB/T 17948.6-2018,旋转电机 绝缘结构功能性评定 成型绕组试验规程 绝缘结构热机械耐久性评定,2018/7/13,2019/2/1
67,GB/T 17948.7-2025,旋转电机 绝缘结构功能性评定 总则,2025/5/30,2025/12/1
68,GB/T 18149-2017,离心泵、混流泵和轴流泵 水力性能试验规范 精密级,2017/5/12,2017/12/1
69,GB/T 18211-2017,微电机安全通用要求,2017/9/29,2018/4/1
70,GB/T 18403.2-2013,气体分析器性能表示 第2部分：气体中氧（采用高温电化学传感器）,2013/7/19,2013/12/15
71,GB/T 18459-2001,传感器主要静态性能指标计算方法,2001/10/8,2002/5/1
72,GB/T 18459-2026,传感器主要静态性能指标计算方法,2026/7/2,2027/2/1
73,GB/T 18806-2002,电阻应变式压力传感器总规范,2002/8/9,2003/4/1
74,GB/T 18858.2-2012,低压开关设备和控制设备 控制器 设备接口（CDI） 第2部分:执行器传感器接口（AS-i）,2012/11/5,2013/2/1
75,GB/T 18901.1-2025,光纤传感器 第1部分：总规范,2025/10/31,2026/5/1
76,GB/T 1971-2021,旋转电机 线端标志与旋转方向,2021/10/11,2022/5/1
77,GB/T 19801-2005,无损检测 声发射检测 声发射传感器的二级校准,2005/6/8,2005/12/1
78,GB/T 19840-2005,回转容积泵 技术要求,2005/7/11,2006/1/1
79,GB/T 20114-2019,普通电源或整流电源供电直流电机的特殊试验方法,2019/6/4,2020/1/1
80,GB/T 20138-2023,电器设备外壳对外界机械碰撞的防护等级（IK代码）,2023/8/6,2024/3/1
81,GB/T 20140-2016,隐极同步发电机定子绕组端部动态特性和振动测量方法及评定,2016/2/24,2016/9/1
82,GB/T 20160-2006,旋转电机绝缘电阻测试,2006/3/14,2006/9/1
83,GB/T 20245.4-2013,电化学分析器性能表示 第4部分：采用覆膜电流式传感器测量水中溶解氧,2013/7/19,2013/12/15
84,GB/T 20339-2006,农业拖拉机和机械 固定在拖拉机上的传感器联接装置 技术规范,2006/7/19,2007/2/1
85,GB/T 20485.11-2006,振动与冲击传感器校准方法 第11部分：激光干涉法振动绝对校准,2006/9/12,2007/2/1
86,GB/T 20485.1-2008,振动与冲击传感器校准方法 第1部分: 基本概念,2008/3/3,2008/8/1
87,GB/T 20485.12-2008,振动与冲击传感器校准方法 第12部分：互易法振动绝对校准,2008/3/3,2008/8/1
88,GB/T 20485.13-2007,振动与冲击传感器校准方法 第13部分: 激光干涉法冲击绝对校准,2007/7/2,2007/12/1
89,GB/T 20485.15-2010,振动与冲击传感器校准方法 第15部分：激光干涉法角振动绝对校准,2010/12/23,2011/6/1
90,GB/T 20485.16-2018,振动与冲击传感器校准方法 第16部分：地球重力法校准,2018/2/6,2018/2/6
91,GB/T 20485.21-2007,振动与冲击传感器校准方法 第21部分：振动比较法校准,2007/7/2,2007/12/1
92,GB/T 20485.22-2008,振动与冲击传感器校准方法 第 22部分：冲击比较法校准,2008/3/3,2008/8/1
93,GB/T 20485.31-2011,振动与冲击传感器的校准方法 第31部分：横向振动灵敏度测试,2011/12/30,2012/10/1
94,GB/T 20485.32-2021,振动与冲击传感器校准方法 第32部分：谐振测试 用冲击激励测试加速度计的频率和相位响应,2021/8/20,2022/3/1
95,GB/T 20485.33-2018,振动与冲击传感器校准方法 第33部分：磁灵敏度测试,2018/3/15,2018/10/1
96,GB/T 20485.41-2015,振动与冲击传感器校准方法 第41部分：激光测振仪校准,2015/12/10,2016/7/1
97,GB/T 20485.42-2018,振动与冲击传感器校准方法 第42部分：高精度地震计的重力加速度法校准,2018/3/15,2018/10/1
98,GB/T 20485.43-2021,振动与冲击传感器校准方法 第43部分: 基于模型参数辨识的加速度计校准,2021/8/20,2022/3/1
99,GB/T 20521.1-2026,半导体器件 第14-1部分：半导体传感器 传感器总规范,2026/4/30,2026/11/1
100,GB/T 20521.2-2025,半导体器件 第14-2部分：半导体传感器 霍尔元件,2025/12/2,2026/7/1
101,GB/T 20521.4-2025,半导体器件 第14-4部分：半导体传感器 半导体加速度计,2025/12/31,2026/7/1
102,GB/T 20521.5-2025,半导体器件 第14-5部分：半导体传感器 PN结半导体温度传感器,2025/12/2,2026/7/1
103,GB/T 20521-2006,半导体器件 第14-1部分: 半导体传感器-总则和分类,2006/8/23,2007/2/1
104,GB/T 20522-2006,半导体器件 第14-3部分: 半导体传感器-压力传感器,2006/8/23,2007/2/1
105,GB/T 20638-2023,步进电动机通用技术规范,2023/9/7,2024/4/1
106,GB/T 20833.1-2021,旋转电机 绕组绝缘 第1部分：离线局部放电测量,2021/3/9,2021/10/1
107,GB/T 20833.2-2025,旋转电机 绕组绝缘 第2部分：定子绕组绝缘在线局部放电测量,2025/8/1,2026/2/1
108,GB/T 20833.3-2018,旋转电机 旋转电机定子绕组绝缘 第3部分：介质损耗因数测量,2018/7/13,2019/2/1
109,GB/T 20833.4-2021,旋转电机 绕组绝缘 第4部分：绝缘电阻和极化指数测量,2021/3/9,2021/10/1
110,GB/T 21205-2022,旋转电机 修理、检修和修复,2022/10/12,2023/5/1
111,GB/T 21209-2025,用于电力传动系统的交流电机 应用导则,2025/8/1,2026/2/1
112,GB/T 21210-2016,单速三相笼型感应电动机起动性能,2016/8/29,2017/3/1
113,GB/T 21210-2026,单速三相笼型感应电动机起动性能,2026/7/2,2027/2/1
114,GB/T 21211-2017,等效负载和叠加试验技术 间接法确定旋转电机温升,2017/11/1,2018/5/1
115,GB/T 21418-2008,永磁无刷电动机系统通用技术条件,2008/1/22,2008/9/1
116,GB/T 21529-2008,塑料薄膜和薄片水蒸气透过率的测定 电解传感器法,2008/4/1,2008/10/1
117,GB/T 21707-2025,变频调速电机绝缘规范,2025/5/30,2025/12/1
118,GB/T 21967-2020,YBZE、YBZSE系列起重用隔爆型电磁制动三相异步电动机 技术条件,2020/11/19,2021/6/1
119,GB/T 21968-2020,YBZS系列起重用隔爆型双速三相异步电动机 技术条件,2020/11/19,2021/6/1
120,GB/T 21969-2021,YGP系列辊道用变频调速三相异步电动机 技术条件,2021/10/11,2022/5/1
121,GB/T 21971-2020,YZD系列起重用多速三相异步电动机 技术条件,2020/11/19,2021/6/1
122,GB/T 21972.1-2023,起重及冶金用变频调速三相异步电动机技术条件 第1部分：YZP系列起重及冶金用变频调速三相异步电动机（机座号100～400）,2023/3/17,2023/10/1
123,GB/T 21972.2-2023,起重及冶金用变频调速三相异步电动机技术条件 第2部分：YZP系列起重及冶金用变频调速三相异步电动机（轴流风机冷却）（机座号：100～400）,2023/5/23,2023/12/1
124,GB/T 21972.3-2023,起重及冶金用变频调速三相异步电动机技术条件 第3部分：YZP系列起重及冶金用变频调速三相异步电动机（离心风机冷却）（机座号100～400）,2023/5/23,2023/12/1
125,GB/T 21973-2021,YZR3系列起重及冶金用绕线转子三相异步电动机 技术条件,2021/10/11,2022/5/1
126,GB/T 21974-2024,YZRW系列起重及冶金用涡流制动绕线转子三相异步电动机 技术规范（机座号112～315）,2024/8/23,2025/3/1
127,GB/T 21975-2008,起重及冶金用三相异步电动机可靠性试验方法,2008/6/13,2009/3/1
128,GB/T 21978.2-2014,降水量观测仪器 第2部分：翻斗式雨量传感器,2014/7/8,2015/1/19
129,GB/T 22669-2008,三相永磁同步电动机试验方法,2008/12/31,2009/11/1
130,GB/T 22670-2018,变频器供电三相笼型感应电动机试验方法,2018/9/17,2019/4/1
131,GB/T 22671-2024,外转子电动机试验方法,2024/9/29,2025/4/1
132,GB/T 22711-2019,三相永磁同步电动机技术条件（机座号 80～355）,2019/8/30,2020/3/1
133,GB/T 22712-2021,变频电机用G系列冷却风机技术规范,2021/10/11,2022/5/1
134,GB/T 22713-2008,不平衡电压对三相笼型感应电动机性能的影响,2008/12/30,2009/10/1
135,GB/T 22714-2008,交流低压电机成型绕组匝间绝缘试验规范,2008/12/30,2009/10/1
136,GB/T 22715-2016,旋转交流电机定子成型线圈耐冲击电压水平,2016/2/24,2016/9/1
137,GB/T 22716-2008,直流电机电枢绕组匝间绝缘试验规范,2008/12/30,2009/10/1
138,GB/T 22717-2008,电机磁极线圈及磁场绕组匝间绝缘试验规范,2008/12/30,2009/10/1
139,GB/T 22718-2008,高压电机绝缘结构耐热性评定方法,2008/12/30,2009/10/1
140,GB/T 22719.1-2008,交流低压电机散嵌绕组匝间绝缘 第1部分：试验方法,2008/12/30,2009/10/1
141,GB/T 22719.2-2008,交流低压电机散嵌绕组匝间绝缘 第2部分：试验限值,2008/12/30,2009/10/1
142,GB/T 22720.1-2017,旋转电机 电压型变频器供电的旋转电机无局部放电（Ⅰ型）电气绝缘结构的鉴别和质量控制试验,2017/11/1,2018/5/1
143,GB/T 22720.2-2019,旋转电机 电压型变频器供电的旋转电机耐局部放电电气绝缘结构（Ⅱ型）的鉴定试验,2019/6/4,2020/1/1
144,GB/T 23306-2009,燃油加油机用隔爆型三相异步电动机（机座号63～100）技术条件,2009/3/19,2009/12/1
145,GB/T 23640-2009,往复式内燃机（RIC）驱动的交流发电机,2009/4/21,2009/11/1
146,GB/T 25090-2010,电动机轻载调压节电装置,2010/9/2,2011/2/1
147,GB/T 25110.1-2010,工业自动化系统与集成 工业应用中的分布式安装 第1部分：传感器和执行器,2010/9/2,2010/12/1
148,GB/T 25140-2010,无轴封回转动力泵技术条件（Ⅱ类）,2010/9/26,2011/2/1
149,GB/T 25141-2022,自吸式回转动力泵,2022/3/9,2022/10/1
150,GB/T 25291-2010,船用起货机用恒力矩三相异步电动机技术条件,2010/11/10,2011/5/1
151,GB/T 25292-2022,船用直流电机技术条件,2022/10/12,2023/5/1
152,GB/T 25302-2025,纺织专用高效率三相异步电动机技术规范（机座号 90~225）,2025/5/30,2025/12/1
153,GB/T 25303-2010,纺织专用高效率永磁同步电动机技术条件 （机座号 90～225）,2010/11/10,2011/5/1
154,GB/T 25441-2022,吸尘器电机,2022/12/30,2023/7/1
155,GB/T 25442-2018,旋转电机（牵引电机除外）确定损耗和效率的试验方法,2018/7/13,2019/2/1
156,GB/T 25442-2026,旋转电机（牵引电机除外）确定损耗和效率的试验方法,2026/7/2,2027/2/1
157,GB/T 26115-2025,离心式纸浆泵,2025/10/31,2026/2/1
158,GB/T 26116-2022,内燃机共轴泵 试验方法,2022/3/9,2022/10/1
159,GB/T 26117-2022,微型电泵 试验方法,2022/3/9,2022/10/1
160,GB/T 26135-2020,高压清洗机,2020/11/19,2021/6/1
161,GB/T 26136-2018,超高压水切割机,2018/12/28,2019/7/1
162,GB/T 26148-2025,高压水射流清洗作业安全规范,2025/5/30,2025/12/1
163,GB/T 2658-2015,小型交流风机通用技术条件,2015/5/15,2015/12/1
164,GB/T 26807-2011,硅压阻式动态压力传感器,2011/7/29,2011/12/1
165,GB/T 27744-2021,异步起动永磁同步电动机技术条件及能效分级（机座号80~355）,2021/10/11,2022/5/1
166,GB/T 28562-2012,YVF系列变频调速高压三相异步电动机技术条件（机座号355～630）,2012/6/29,2012/11/1
167,GB/T 28575-2020,YE3系列（IP55）三相异步电动机技术条件（机座号63～355）,2020/3/31,2020/10/1
168,GB/T 28854-2012,硅电容式压力传感器,2012/11/5,2013/2/15
169,GB/T 28855-2012,硅基压力传感器,2012/11/5,2013/2/15
170,GB/T 28857-2025,差动变压器式位移传感器,2025/8/1,2026/2/1
171,GB/T 2900.25-2008,电工术语 旋转电机,2008/5/28,2009/1/1
172,GB/T 2900.26-2008,电工术语 控制电机,2008/6/30,2009/4/1
173,GB/T 29314-2023,电动机系统节能改造规范,2023/8/6,2024/3/1
174,GB/T 29326-2023,包括变速应用的能效电动机的选择 应用导则,2023/12/28,2024/7/1
175,GB/T 29529-2013,泵的噪声测量与评价方法,2013/6/9,2014/3/1
176,GB/T 29531-2013,泵的振动测量与评价方法,2013/6/9,2014/3/1
177,GB/T 29626-2019,汽轮发电机状态在线监测系统应用导则,2019/10/18,2020/5/1
178,GB/T 29634-2013,电动轮椅车用永磁直流齿轮减速电动机构通用技术条件,2013/7/19,2013/11/1
179,GB/T 30040.4-2013,双层罐渗漏检测系统 第4部分：应用于防渗漏设施或双层间隙的液体或蒸气传感器系统,2013/12/17,2014/9/1
180,GB/T 30040.6-2013,双层罐渗漏检测系统 第6部分：监测井用传感器显示系统,2013/12/17,2014/9/1
181,GB/T 30104.303-2021,数字可寻址照明接口 第303部分：特殊要求 输入设备 占位传感器,2021/12/31,2022/7/1
182,GB/T 30104.304-2021,数字可寻址照明接口 第304部分：特殊要求 输入设备 光传感器,2021/11/26,2022/6/1
183,GB/T 30143-2025,YZR系列起重及冶金用绕线转子三相异步电动机 技术规范（机座号450～500）,2025/10/31,2026/5/1
184,GB/T 30144-2024,YZP-H系列船用起重用变频调速三相异步电动机 技术规范（机座号112～400）,2024/8/23,2025/3/1
185,GB/T 30145-2025,YZP系列起重及冶金用变频调速三相异步电动机 技术规范（机座号450～500）,2025/10/31,2026/5/1
186,GB/T 30242-2013,磁电式速度传感器通用技术条件,2013/12/31,2014/7/1
187,GB/T 30269.1001-2017,信息技术 传感器网络 第1001部分：中间件：传感器网络节点接口,2017/5/31,2017/12/1
188,GB/T 30269.1-2015,信息技术 传感器网络 第1部分：参考体系结构和通用技术要求,2015/12/10,2016/8/1
189,GB/T 30269.2-2013,信息技术 传感器网络 第2部分：术语,2013/12/31,2014/7/15
190,GB/T 30269.301-2014,信息技术 传感器网络 第301部分：通信与信息交换：低速无线传感器网络网络层和应用支持子层规范,2014/12/5,2015/4/1
191,GB/T 30269.302-2015,信息技术 传感器网络 第302部分：通信与信息交换：高可靠性无线传感器网络媒体访问控制和物理层规范,2015/12/31,2017/1/1
192,GB/T 30269.303-2018,信息技术 传感器网络 第303部分：通信与信息交换：基于IP的无线传感器网络网络层规范,2018/6/7,2019/1/1
193,GB/T 30269.304-2019,信息技术 传感器网络 第304部分:通信与信息交换:声波通信系统技术要求,2019/8/30,2020/3/1
194,GB/T 30269.401-2015,信息技术 传感器网络 第401部分：协同信息处理：支撑协同信息处理的服务及接口,2015/12/10,2016/8/1
195,GB/T 30269.501-2014,信息技术 传感器网络 第501部分：标识：传感节点标识符编制规则,2014/12/5,2015/4/1
196,GB/T 30269.502-2017,信息技术 传感器网络 第502部分：标识：传感节点标识符解析,2017/12/29,2018/7/1
197,GB/T 30269.503-2017,信息技术 传感器网络 第503部分：标识：传感节点标识符注册规程,2017/11/1,2018/5/1
198,GB/T 30269.504-2019,信息技术 传感器网络 第504部分：标识：传感节点标识符管理,2019/8/30,2020/3/1
199,GB/T 30269.601-2016,信息技术 传感器网络 第601部分：信息安全：通用技术规范,2016/4/25,2016/8/1
200,GB/T 30269.602-2017,信息技术 传感器网络 第602部分：信息安全：低速率无线传感器网络网络层和应用支持子层安全规范,2017/12/29,2017/12/29
201,GB/T 30269.701-2014,信息技术 传感器网络 第701部分：传感器接口：信号接口,2014/12/5,2015/4/1
202,GB/T 30269.702-2016,信息技术 传感器网络 第702部分：传感器接口：数据接口,2016/4/25,2016/11/1
203,GB/T 30269.801-2017,信息技术 传感器网络 第801部分：测试：通用要求,2017/12/29,2017/12/29
204,GB/T 30269.802-2017,信息技术 传感器网络 第802部分：测试：低速无线传感器网络媒体访问控制和物理层,2017/5/31,2017/12/1
205,GB/T 30269.803-2017,信息技术 传感器网络 第803部分：测试：低速无线传感器网络网络层和应用支持子层,2017/12/29,2018/7/1
206,GB/T 30269.804-2018,信息技术 传感器网络 第804部分：测试：传感器接口,2018/6/7,2019/1/1
207,GB/T 30269.805-2019,信息技术 传感器网络 第805部分：测试：传感器网关测试规范,2019/8/30,2020/3/1
208,GB/T 30269.806-2018,信息技术 传感器网络 第806部分：测试：传感节点标识符编码和解析,2018/6/7,2019/1/1
209,GB/T 30269.807-2018,信息技术 传感器网络 第807部分：测试：网络传输安全,2018/9/17,2019/4/1
210,GB/T 30269.808-2018,信息技术 传感器网络 第808部分：测试：低速率无线传感器网络网络层和应用支持子层安全,2018/12/28,2019/7/1
211,GB/T 30269.809-2020,信息技术 传感器网络 第809部分：测试：基于IP的无线传感器网络网络层协议一致性测试,2020/6/2,2020/12/1
212,GB/T 30269.901-2016,信息技术 传感器网络 第901部分：网关：通用技术要求,2016/10/13,2017/5/1
213,GB/T 30269.902-2018,信息技术 传感器网络 第902部分：网关：远程管理技术要求,2018/6/7,2019/1/1
214,GB/T 30269.903-2018,信息技术 传感器网络 第903部分：网关：逻辑接口,2018/6/7,2019/1/1
215,GB/T 30412-2013,塑料薄膜和薄片水蒸气透过率的测定 湿度传感器法,2013/12/31,2014/12/1
216,GB/T 30549-2014,永磁交流伺服电动机 通用技术条件,2014/5/6,2014/10/28
217,GB/T 30951-2014,小型水电站机电设备报废条件,2014/7/8,2015/1/10
218,GB/T 31234-2014,YBZT系列隔爆型超高效率铸铜转子三相异步电动机（机座号80~200）技术条件,2014/9/30,2015/4/1
219,GB/T 31355-2014,包装件和容器水蒸气透过性测试方法 红外传感器法,2014/12/31,2015/3/2
220,GB/T 31996-2015,磁阻式多极旋转变压器通用技术条件,2015/9/11,2016/4/1
221,GB/T 3214-2007,水泵流量的测定方法,2007/11/5,2008/2/1
222,GB/T 3215-2025,石油、石化和天然气工业用离心泵,2025/12/31,2026/4/1
223,GB/T 3216-2016,回转动力泵 水力性能验收试验 1级、2级和3级,2016/8/29,2017/3/1
224,GB/T 32877-2022,变频器供电交流电动机确定损耗和效率的特定试验方法,2022/10/12,2023/5/1
225,GB/T 32891.1-2016,旋转电机 效率分级（IE代码） 第1部分：电网供电的交流电动机,2016/8/29,2017/3/1
226,GB/T 32891.2-2019,旋转电机 效率分级（IE代码） 第2部分：变速交流电动机,2019/10/18,2020/5/1
227,GB/T 32891.3-2026,旋转电机 效率分级（IE代码） 第3部分：高压交流电动机,2026/7/2,2027/2/1
228,GB/T 33010-2016,力传感器的检验,2016/10/13,2017/5/1
229,GB/T 33137-2016,基于传感器的产品监测软件集成接口规范,2016/10/13,2017/5/1
230,GB/T 33634-2017,液体泵 安全要求 液体静压试验,2017/5/12,2017/12/1
231,GB/T 33702-2017,光电式日照传感器,2017/5/12,2017/12/1
232,GB/T 33776.602-2017,林业物联网 第602部分：传感器数据接口规范,2017/7/31,2018/2/1
233,GB/T 33776.603-2017,林业物联网 第603部分：无线传感器网络组网设备通用规范,2017/5/31,2017/12/1
234,GB/T 33905.1-2017,智能传感器 第1部分：总则,2017/7/31,2018/2/1
235,GB/T 33905.2-2017,智能传感器 第2部分：物联网应用行规,2017/7/31,2018/2/1
236,GB/T 33905.3-2017,智能传感器 第3部分：术语,2017/7/12,2018/2/1
237,GB/T 33905.4-2017,智能传感器 第4部分：性能评定方法,2017/7/31,2018/2/1
238,GB/T 33905.5-2017,智能传感器 第5部分：检查和例行试验方法,2017/7/31,2018/2/1
239,GB/T 33925.1-2017,液体泵及其装置 通用术语、定义、量、字符和单位 第1部分：液体泵,2017/7/12,2018/2/1
240,GB/T 33925.2-2018,液体泵及其装置 通用术语、定义、量、字符和单位 第2部分：泵系统,2018/12/28,2019/7/1
241,GB/T 33929-2017,MEMS高g值加速度传感器性能试验方法,2017/7/12,2018/2/1
242,GB/T 34004-2017,家用和小型餐饮厨房用燃气报警器及传感器,2017/7/12,2018/6/1
243,GB/T 34068-2017,物联网总体技术 智能传感器接口规范,2017/7/31,2018/2/1
244,GB/T 34069-2017,物联网总体技术 智能传感器特性与分类,2017/7/31,2018/2/1
245,GB/T 34071-2017,物联网总体技术 智能传感器可靠性设计方法与评审,2017/7/31,2018/2/1
246,GB/T 34115-2017,永磁式直线电动机通用技术条件,2017/7/31,2018/2/1
247,GB/T 34391-2017,石油、石化和天然气工业用往复泵,2017/9/29,2018/4/1
248,GB/T 34859-2017,无刷旋转变压器通用技术条件,2017/11/1,2018/5/1
249,GB/T 34860-2017,无槽永磁电动机通用技术条件,2017/11/1,2018/5/1
250,GB/T 34861-2017,确定大电机各项损耗的专用试验方法,2017/11/1,2018/5/1
251,GB/T 34861-2026,确定大电机各项损耗的专用试验方法,2026/7/2,2027/2/1
252,GB/T 34862-2017,确定三相低压笼型感应电动机等值电路参数的试验方法,2017/11/1,2018/5/1
253,GB/T 34864-2017,开关磁阻电动机通用技术条件,2017/11/1,2018/5/1
254,GB/T 34867.1-2017,电动机系统节能量测量和验证方法 第1部分：电动机现场能效测试方法,2017/11/1,2018/5/1
255,GB/T 34875-2017,离心泵和转子泵用轴封系统,2017/11/1,2018/5/1
256,GB/T 35086-2018,MEMS电场传感器通用技术条件,2018/5/14,2018/12/1
257,GB/T 36330-2018,信息技术 面向燃气表远程管理的无线传感器网络系统技术要求,2018/6/7,2019/1/1
258,GB/T 36346-2018,信息技术 面向设施农业应用的传感器网络技术要求,2018/6/7,2019/1/1
259,GB/T 36378.1-2018,传感器分类与代码 第1部分：物理量传感器,2018/6/7,2019/1/1
260,GB/T 37250-2018,氧传感器用功能陶瓷响应时间试验方法,2018/12/28,2019/11/1
261,GB/T 37252-2018,氧传感器用片式氧化锆陶瓷元件,2018/12/28,2019/11/1
262,GB/T 37253-2018,氧传感器用功能陶瓷离子电导率试验方法,2018/12/28,2019/11/1
263,GB/T 37600.10-2018,全国主要产品分类 产品类别核心元数据 第10部分：传感器,2018/9/17,2019/4/1
264,GB/T 37727-2019,信息技术 面向需求侧变电站应用的传感器网络系统总体技术要求,2019/8/30,2020/3/1
265,GB/T 37733.1-2019,传感器网络 个人健康状态远程监测 第1部分：总体技术要求,2019/8/30,2020/3/1
266,GB/T 37733.2-2020,传感器网络 个人健康状态远程监测 第2部分：终端与平台接口技术要求,2020/4/28,2020/11/1
267,GB/T 37733.3-2020,传感器网络 个人健康状态远程监测 第3部分：终端技术要求,2020/6/2,2020/12/1
268,GB/T 37776-2019,动态力传感器校准方法 冲击力法校准,2019/8/30,2020/3/1
269,GB/T 37916-2019,小型电动高压清洗机安全规范,2019/8/30,2020/3/1
270,GB/T 38337-2019,超声波电动机及其驱动控制器通用技术条件,2019/12/10,2020/7/1
271,GB/T 39553-2020,直流伺服电动机通用技术条件,2020/12/14,2021/7/1
272,GB/T 39566-2020,微电机 轴向间隙,2020/12/14,2021/7/1
273,GB/T 39567-2020,多旋翼无人机用无刷伺服电动机系统通用规范,2020/12/14,2021/7/1
274,GB/T 39568-2020,驱动微电机通用技术要求,2020/12/14,2021/7/1
275,GB/T 39633-2020,协作机器人用一体式伺服电动机系统通用规范,2020/12/14,2021/7/1
276,GB/T 39722-2020,超导电子器件 传感器和探测器通用规范,2020/12/14,2021/7/1
277,GB/T 39959-2021,液体泵和泵机组 噪声试验方法 2级和3级,2021/3/9,2021/10/1
278,GB/T 39984-2021,泵系统能耗评估,2021/4/30,2021/11/1
279,GB/T 39986-2021,泵 试验 污水和类似应用的潜水搅拌器,2021/4/30,2021/11/1
280,GB/T 40131-2021,减速永磁式步进电动机通用规范,2021/5/21,2021/12/1
281,GB/T 40132-2021,便携式电子产品用振动电机通用规范,2021/5/21,2021/12/1
282,GB/T 40206-2021,精密外转子轴流风机通用规范,2021/5/21,2021/12/1
283,GB/T 40294-2021,确定电励磁同步电机参数的试验方法,2021/5/21,2021/12/1
284,GB/T 40422-2021,无线传感器网络与电信网络结合的总体技术要求,2021/10/11,2022/2/1
285,GB/T 40817.1-2021,核电主泵电机技术条件 第1部分：轴封泵异步电机,2021/10/11,2022/5/1
286,GB/T 40817.2-2021,核电主泵电机技术条件 第2部分：屏蔽泵异步电机,2021/10/11,2022/5/1
287,GB/T 41135.1-2021,故障路径指示用电流和电压传感器或探测器 第1部分：通用原理和要求,2021/12/31,2022/7/1
288,GB/T 41135.2-2021,故障路径指示用电流和电压传感器或探测器 第2部分：系统应用,2021/12/31,2022/7/1
289,GB/T 41450-2022,无人机低空遥感监测的多传感器一致性检测技术规范,2022/4/15,2022/4/15
290,GB/T 41484-2022,汽车用超声波传感器总成,2022/4/15,2022/11/1
291,GB/T 41513-2022,喷射设备分类及名词术语,2022/7/11,2023/2/1
292,GB/T 41554-2022,地理空间观测平台及传感器资源元数据,2022/7/11,2022/7/11
293,GB/T 41682-2022,食品塑料包装容器中顶空气体含量的测定 传感器法,2022/10/12,2023/5/1
294,GB/T 41800-2022,信息技术 传感器网络 爆炸危险化学品贮存安全监测系统技术要求,2022/10/12,2023/5/1
295,GB/T 41913-2022,陀螺电机通用技术规范,2022/10/12,2023/5/1
296,GB/T 42594-2023,承压设备介质危害分类导则,2023/5/23,2023/5/23
297,GB/T 43019.5-2023,塑料薄膜和薄片水蒸气透过率的测定 第5部分：压力传感器法,2023/9/7,2024/4/1
298,GB/T 43063-2023,集成电路 CMOS图像传感器测试方法,2023/9/7,2024/1/1
299,GB/T 43142-2023,超高压水射流船舶除锈成套装备,2023/9/7,2024/4/1
300,GB/T 43199-2023,机器人多维力/力矩传感器检测规范,2023/9/7,2024/4/1
301,GB/T 43726-2024,无刷直流力矩电动机通用技术条件,2024/3/15,2024/7/1
302,GB/T 43816-2024,林草物联网 传感器通用技术要求,2024/3/15,2024/3/15
303,GB/T 43957-2024,林草物联网 面向视频的无线传感器网络媒体访问控制和物理层协议,2024/4/25,2024/4/25
304,GB/T 43958-2024,林草物联网 面向视频的无线传感器网络技术要求,2024/4/25,2024/4/25
305,GB/T 44045-2024,石油、石化和天然气工业用转子泵,2024/5/28,2024/12/1
306,GB/T 44294-2024,电主轴电动机通用技术规范,2024/8/23,2025/3/1
307,GB/T 44391-2024,用单片测试仪和光学传感器测量晶粒取向电工钢带（片）磁致伸缩特性的方法,2024/8/23,2025/3/1
308,GB/T 44490.2-2024,地理信息 成像传感器的地理定位模型 第2部分：SAR，InSAR，lidar和sonar,2024/9/29,2025/4/1
309,GB/T 44513-2024,微机电系统（MEMS）技术 传感器用MEMS压电薄膜的环境试验方法,2024/9/29,2025/1/1
310,GB/T 44531-2024,微机电系统（MEMS）技术 基于MEMS技术的车规级压力传感器技术规范,2024/9/29,2024/9/29
311,GB/T 44688-2024,液体泵和泵机组 通用安全技术规范,2024/9/29,2025/1/1
312,GB/T 44851.18-2025,道路车辆 液化天然气（LNG）燃气系统部件 第18部分：气体温度传感器,2025/8/29,2026/3/1
313,GB/T 45578-2025,无损检测 声发射检测 压电声发射传感器接收灵敏度谱的验证,2025/3/28,2025/3/28
314,GB/T 46550.2-2025,天然气 加臭剂的测定 第2部分：用电化学传感器法测定四氢噻吩含量,2025/12/2,2026/7/1
315,GB/T 46809.1-2025,半导体器件 第19-1部分：智能传感器 智能传感器的控制方案,2025/12/31,2026/7/1
316,GB/T 47028-2026,雷电电磁场传感器技术规范,2026/1/28,2026/8/1
317,GB/T 4706.66-2024,家用和类似用途电器的安全 第66部分：泵的特殊要求,2024/7/24,2026/8/1
318,GB/T 4706.71-2024,家用和类似用途电器的安全 第71部分：供热和供水装置固定循环泵的特殊要求,2024/7/24,2026/8/1
319,GB/T 47126-2026,道路车辆 自动驾驶传感器与数据融合单元间数据通信 逻辑接口,2026/2/27,2026/6/1
320,GB/T 47160-2026,起重冶金和屏蔽电机 安全要求,2026/2/27,2026/9/1
321,GB/T 47339-2026,小型无刷直流风机通用技术条件,2026/3/31,2026/10/1
322,GB/T 47562-2026,微机电系统（MEMS）技术 MEMS硅压阻温压复合压力传感器芯片,2026/4/30,2026/8/1
323,GB/T 47563-2026,微机电系统（MEMS）技术 MEMS磁场传感器技术规范,2026/4/30,2026/8/1
324,GB/T 47676-2026,旋转电机 用于测量电刷运行性能的试验方法和设备,2026/7/2,2027/2/1
325,GB/T 4772.1-2025,旋转电机尺寸和输出功率等级 第1部分:机座号56～400和凸缘号55～1080,2025/8/1,2026/2/1
326,GB/T 4772.2-1999,旋转电机尺寸和输出功率等级 第2部分:机座号355～1000和凸缘号1180～2360,1999/2/26,1999/9/1
327,GB/T 4772.3-1999,旋转电机尺寸和输出功率等级 第3部分:小功率装入式电动机 凸缘号BF10～BF50,1999/2/26,1999/9/1
328,GB/T 47753-2026,微机电系统（MEMS）技术 车规级MEMS半导体气体传感器技术规范,2026/7/2,2027/2/1
329,GB/T 47845-2026,自动扶梯用三相异步电动机技术规范,2026/7/2,2027/2/1
330,GB/T 47926-2026,半导体用磁悬浮自轴承洁净泵技术规范,2026/7/30,2027/2/1
331,GB/T 4831-2016,旋转电机产品型号编制方法,2016/2/24,2016/9/1
332,GB/T 4942-2021,旋转电机整体结构的防护等级（IP代码） 分级,2021/10/11,2022/5/1
333,GB/T 4997-2008,永磁式低速直流测速发电机通用技术条件,2008/6/13,2009/3/1
334,GB/T 5089-2017,电风扇用电动机通用技术条件,2017/11/1,2018/5/1
335,GB/T 5171.1-2014,小功率电动机 第1部分：通用技术条件,2014/5/6,2014/10/28
336,GB/T 5171.21-2016,小功率电动机 第21部分：通用试验方法,2016/8/29,2017/3/1
337,GB/T 5171.22-2017,小功率电动机 第22部分：永磁无刷直流电动机试验方法,2017/12/29,2018/7/1
338,GB/T 5656-2008,离心泵 技术条件（Ⅱ类）,2008/8/25,2009/3/1
339,GB/T 5657-2013,离心泵技术条件（ Ⅲ类）,2013/12/17,2014/10/1
340,GB/T 5660-2013,轴向吸入离心泵 底座尺寸和安装尺寸,2013/12/17,2014/10/1
341,GB/T 5661-2013,轴向吸入离心泵 机械密封和软填料用空腔尺寸,2013/12/17,2014/10/1
342,GB/T 5662-2013,轴向吸入离心泵（16bar） 标记、性能和尺寸,2013/12/17,2014/10/1
343,GB/T 6656-2025,铁氧体永磁直流电动机,2025/10/31,2026/5/1
344,GB/T 7021-2019,离心泵名词术语,2019/10/18,2020/5/1
345,GB/T 7060-2019,船用旋转电机基本技术要求,2019/5/10,2019/12/1
346,GB/T 7344-2015,交流伺服电动机通用技术条件,2015/9/11,2016/4/1
347,GB/T 7345-2008,控制电机基本技术要求,2008/6/30,2009/4/1
348,GB/T 7346-2015,控制电机基本外形结构型式,2015/5/15,2015/12/1
349,GB/T 7409.1-2024,同步电机励磁系统 第1部分：定义,2024/8/23,2025/3/1
350,GB/T 7409.2-2020,同步电机励磁系统 第2部分：电力系统研究用模型,2020/6/2,2020/12/1
351,GB/T 7409.3-2026,同步电机励磁系统 第3部分：大、中型同步发电机励磁系统技术要求,2026/7/30,2027/2/1
352,GB/T 7409.4-2023,同步电机励磁系统 第4部分：中小型同步电机励磁系统技术要求,2023/9/7,2024/4/1
353,GB/T 7551-2008,称重传感器,2008/6/30,2009/1/1
354,GB/T 755-2025,旋转电机 定额与性能,2025/8/1,2026/2/1
355,GB/T 756-2010,旋转电机 圆柱形轴伸,2010/11/10,2011/5/1
356,GB/T 757-2010,旋转电机 圆锥形轴伸,2010/11/10,2011/5/1
357,GB/T 7665-2005,传感器通用术语,2005/7/29,2006/2/1
358,GB/T 7665-2026,传感器通用术语,2026/5/25,2026/12/1
359,GB/T 7666-2005,传感器命名法及代号,2005/7/29,2006/2/1
360,GB/T 7666-2026,传感器命名法及代码,2026/5/25,2026/12/1
361,GB/T 7782-2020,计量泵,2020/4/28,2020/11/1
362,GB/T 7784-2018,机动往复泵试验方法,2018/12/28,2019/7/1
363,GB/T 7785-2013,往复泵分类和名词术语,2013/9/18,2014/6/1
364,GB/T 8128-2022,单相串励电动机试验方法,2022/12/30,2023/7/1
365,GB/T 9069-2008,往复泵噪声声功率级的测定 工程法,2008/7/1,2009/2/1
366,GB/T 9234-2018,机动往复泵,2018/9/17,2019/4/1
367,GB/T 9651-2022,单相异步电动机试验方法,2022/12/30,2023/7/1
368,GB/T 997-2022,旋转电机结构型式、安装型式及接线盒位置的分类（IM代码）,2022/10/12,2023/5/1
369,GB/Z 113.34-2025,旋转电机 第34部分：轧机用交流调速电动机,2025/12/3,-
370,GB/Z 20833.5-2023,旋转电机 绕组绝缘 第5部分：重复冲击电压下局部放电起始电压的离线测量,2023/9/7,-
371,GB/Z 32458-2015,输送粘性液体的离心泵 性能修正,2015/12/31,-
372,GB/Z 43036-2023,旋转电机 定子成型绕组端部振动的测量,2023/9/7,-
373,GB/Z 43364-2023,回转动力泵 模型泵水力性能验收试验,2023/11/27,-
374,GB/Z 44938.1-2024,机械电气安全 第1部分：用于保护人员安全的传感器,2024/12/31,-
375,GB/Z 44938.2-2024,机械电气安全 第2部分：保护人员安全的传感器的应用示例,2024/12/31,-
376,GB/Z 45378-2025,无损检测 基于互易性技术的声发射传感器绝对校准方法,2025/3/28,-
